1,RollerIdentificationForm,2014-12-05
2,RollerIdentificationForm,2014-12-10
3,RollerIdentificationForm,2014-12-10
4,RollerIdentificationForm,2014-12-09
6,RollerIdentificationForm,2014-12-17
7,RollerIdentificationForm,2014-12-17
8,RollerIdentificationForm,2014-12-17
11,RollerIdentificationForm,2014-12-08
12,RollerIdentificationForm,2014-12-09
13,RollerIdentificationForm,2014-12-11
14,RollerIdentificationForm,2014-12-11
15,RollerIdentificationForm,2014-12-01
16,RollerIdentificationForm,2014-12-03
17,RollerIdentificationForm,2014-12-01
18,RollerIdentificationForm,2014-12-27
20,RollerIdentificationForm,2014-12-01
21,RollerIdentificationForm,2014-12-01
22,RollerIdentificationForm,2014-12-04
23,RollerIdentificationForm,2014-12-02
25,RollerIdentificationForm,2014-12-04
27,RollerIdentificationForm,2014-12-31
28,RollerIdentificationForm,2014-12-01
29,RollerIdentificationForm,2014-12-11
30,RollerIdentificationForm,2014-12-29
31,RollerIdentificationForm,2014-12-11
32,RollerIdentificationForm,2014-12-16
33,RollerIdentificationForm,2014-12-15
34,RollerIdentificationForm,2014-12-29
35,RollerIdentificationForm,2014-12-10
36,RollerIdentificationForm,2014-12-15
37,RollerIdentificationForm,2014-11-21
38,RollerIdentificationForm,2014-12-30
41,RollerIdentificationForm,2014-12-17
42,RollerIdentificationForm,2014-12-31
43,RollerIdentificationForm,2014-12-30
44,RollerIdentificationForm,2014-12-23
45,RollerIdentificationForm,2015-02-04
46,RollerIdentificationForm,2015-01-30
47,RollerIdentificationForm,2015-01-09
48,RollerIdentificationForm,2015-01-12
49,RollerIdentificationForm,2015-02-05
51,RollerIdentificationForm,2015-01-12
52,RollerIdentificationForm,2014-12-29
53,RollerIdentificationForm,2015-01-16
54,RollerIdentificationForm,2015-01-22
55,RollerIdentificationForm,2015-01-30
56,RollerIdentificationForm,2015-01-30
57,RollerIdentificationForm,2015-01-06
58,RollerIdentificationForm,2015-01-09
59,RollerIdentificationForm,2015-02-11
60,RollerIdentificationForm,2015-01-13
61,RollerIdentificationForm,2015-01-20
62,RollerIdentificationForm,2015-01-20
63,RollerIdentificationForm,2015-01-22
64,RollerIdentificationForm,2015-02-10
65,RollerIdentificationForm,2015-02-16
66,RollerIdentificationForm,2015-02-17
67,RollerIdentificationForm,2015-01-16
68,RollerIdentificationForm,2015-01-16
69,RollerIdentificationForm,2015-01-20
70,RollerIdentificationForm,2015-02-09
72,RollerIdentificationForm,2015-02-24
73,RollerIdentificationForm,2014-12-01
75,RollerIdentificationForm,2015-01-15
76,RollerIdentificationForm,2015-01-22
77,RollerIdentificationForm,2015-01-16
78,RollerIdentificationForm,2015-02-03
79,RollerIdentificationForm,2015-02-03
80,RollerIdentificationForm,2015-02-06
81,RollerIdentificationForm,2014-02-24
82,RollerIdentificationForm,2015-01-06
83,RollerIdentificationForm,2015-02-23
85,RollerIdentificationForm,2015-02-16
86,RollerIdentificationForm,2015-01-30
87,RollerIdentificationForm,2015-01-23
88,RollerIdentificationForm,2015-02-13
89,RollerIdentificationForm,2015-02-26
90,RollerIdentificationForm,2014-12-08
91,RollerIdentificationForm,2015-02-10
92,RollerIdentificationForm,2015-02-06
93,RollerIdentificationForm,2015-01-15
94,RollerIdentificationForm,2015-02-16
95,RollerIdentificationForm,2015-02-16
96,RollerIdentificationForm,2015-02-03
97,RollerIdentificationForm,2015-02-05
98,RollerIdentificationForm,2015-02-20
99,RollerIdentificationForm,2015-02-24
100,RollerIdentificationForm,2015-02-25
101,RollerIdentificationForm,2015-02-16
102,RollerIdentificationForm,2015-02-25
103,RollerIdentificationForm,2015-03-04
104,RollerIdentificationForm,2015-03-10
106,RollerIdentificationForm,2015-02-26
107,RollerIdentificationForm,2015-03-19
108,RollerIdentificationForm,2015-03-17
109,RollerIdentificationForm,2015-03-16
110,RollerIdentificationForm,2015-02-06
111,RollerIdentificationForm,2015-03-10
112,RollerIdentificationForm,2015-03-11
113,RollerIdentificationForm,2015-03-03
114,RollerIdentificationForm,2015-03-10
115,RollerIdentificationForm,2015-02-25
116,RollerIdentificationForm,2015-03-13
117,RollerIdentificationForm,2015-03-16
118,RollerIdentificationForm,2015-02-26
119,RollerIdentificationForm,2015-03-27
120,RollerIdentificationForm,2015-03-24
121,RollerIdentificationForm,2015-03-16
122,RollerIdentificationForm,2015-03-25
123,RollerIdentificationForm,2015-03-24
126,RollerIdentificationForm,2015-03-06
127,RollerIdentificationForm,2015-04-07
128,RollerIdentificationForm,2015-04-08
129,RollerIdentificationForm,2015-03-25
130,RollerIdentificationForm,2015-03-27
131,RollerIdentificationForm,2015-03-20
132,RollerIdentificationForm,2015-04-08
133,RollerIdentificationForm,2015-04-08
134,RollerIdentificationForm,2015-04-08
135,RollerIdentificationForm,2015-01-30
136,RollerIdentificationForm,2015-04-01
137,RollerIdentificationForm,2015-04-17
138,RollerIdentificationForm,2015-02-13
139,RollerIdentificationForm,2015-04-07
140,RollerIdentificationForm,2015-04-07
141,RollerIdentificationForm,2015-04-07
142,RollerIdentificationForm,2015-03-24
143,RollerIdentificationForm,2015-03-31
144,RollerIdentificationForm,2015-04-20
145,RollerIdentificationForm,2015-04-07
146,RollerIdentificationForm,2015-03-05
147,RollerIdentificationForm,2015-04-07
148,RollerIdentificationForm,2015-01-23
149,RollerIdentificationForm,2015-04-06
150,RollerIdentificationForm,2015-03-09
