4,DeliveryOrder,2014-12-17
5,DeliveryOrder,2014-12-03
6,DeliveryOrder,2014-12-01
9,DeliveryOrder,2014-12-10
10,DeliveryOrder,2014-12-12
11,DeliveryOrder,2014-12-10
12,DeliveryOrder,2014-12-09
13,DeliveryOrder,2014-12-12
14,DeliveryOrder,2014-12-15
15,DeliveryOrder,2014-12-10
16,DeliveryOrder,2014-12-01
17,DeliveryOrder,2014-12-09
18,DeliveryOrder,2014-12-08
20,DeliveryOrder,2014-12-05
21,DeliveryOrder,2014-12-04
22,DeliveryOrder,2014-12-08
23,DeliveryOrder,2014-12-11
24,DeliveryOrder,2014-12-02
25,DeliveryOrder,2014-12-02
27,DeliveryOrder,2014-12-02
28,DeliveryOrder,2014-12-02
32,DeliveryOrder,2014-12-01
34,DeliveryOrder,2014-12-03
37,DeliveryOrder,2014-12-04
40,DeliveryOrder,2014-12-04
41,DeliveryOrder,2014-12-04
42,DeliveryOrder,2014-12-04
43,DeliveryOrder,2014-12-04
44,DeliveryOrder,2014-12-04
45,DeliveryOrder,2014-12-04
47,DeliveryOrder,2014-12-22
50,DeliveryOrder,2014-12-22
51,DeliveryOrder,2014-12-22
53,DeliveryOrder,2014-12-31
54,DeliveryOrder,2014-12-31
55,DeliveryOrder,2014-12-04
56,DeliveryOrder,2014-12-30
57,DeliveryOrder,2014-12-30
58,DeliveryOrder,2014-12-30
59,DeliveryOrder,2014-12-30
60,DeliveryOrder,2014-12-05
61,DeliveryOrder,2014-12-05
62,DeliveryOrder,2014-12-05
63,DeliveryOrder,2014-12-04
64,DeliveryOrder,2014-12-04
65,DeliveryOrder,2014-12-02
66,DeliveryOrder,2014-12-02
67,DeliveryOrder,2014-12-02
68,DeliveryOrder,2014-12-02
69,DeliveryOrder,2014-12-02
70,DeliveryOrder,2014-12-01
71,DeliveryOrder,2014-12-30
72,DeliveryOrder,2014-12-03
73,DeliveryOrder,2014-12-16
74,DeliveryOrder,2014-12-16
75,DeliveryOrder,2014-12-15
76,DeliveryOrder,2014-12-15
77,DeliveryOrder,2015-01-12
78,DeliveryOrder,2014-12-12
79,DeliveryOrder,2014-12-17
80,DeliveryOrder,2014-12-19
81,DeliveryOrder,2014-12-19
82,DeliveryOrder,2014-12-16
83,DeliveryOrder,2014-12-16
84,DeliveryOrder,2014-12-08
85,DeliveryOrder,2014-12-08
86,DeliveryOrder,2014-12-17
87,DeliveryOrder,2014-12-18
88,DeliveryOrder,2014-12-19
89,DeliveryOrder,2014-12-19
90,DeliveryOrder,2014-12-19
91,DeliveryOrder,2014-12-19
92,DeliveryOrder,2014-12-23
93,DeliveryOrder,2014-12-19
94,DeliveryOrder,2014-12-23
95,DeliveryOrder,2014-12-22
96,DeliveryOrder,2014-12-30
97,DeliveryOrder,2014-12-24
98,DeliveryOrder,2014-12-29
99,DeliveryOrder,2014-12-24
100,DeliveryOrder,2014-12-23
101,DeliveryOrder,2014-12-23
102,DeliveryOrder,2014-12-30
103,DeliveryOrder,2014-12-24
104,DeliveryOrder,2014-12-24
105,DeliveryOrder,2014-12-24
106,DeliveryOrder,2014-12-24
107,DeliveryOrder,2014-12-29
108,DeliveryOrder,2014-12-10
109,DeliveryOrder,2014-12-16
110,DeliveryOrder,2014-12-16
111,DeliveryOrder,2014-12-23
112,DeliveryOrder,2014-12-23
113,DeliveryOrder,2014-12-24
114,DeliveryOrder,2014-12-16
115,DeliveryOrder,2014-12-24
116,DeliveryOrder,2014-12-23
117,DeliveryOrder,2014-12-30
118,DeliveryOrder,2014-12-30
119,DeliveryOrder,2014-12-02
120,DeliveryOrder,2014-12-02
121,DeliveryOrder,2014-12-02
122,DeliveryOrder,2014-12-02
123,DeliveryOrder,2014-12-05
124,DeliveryOrder,2014-12-05
125,DeliveryOrder,2014-12-09
126,DeliveryOrder,2014-12-12
127,DeliveryOrder,2014-12-09
128,DeliveryOrder,2014-12-16
129,DeliveryOrder,2014-12-11
130,DeliveryOrder,2014-12-15
131,DeliveryOrder,2014-12-03
132,DeliveryOrder,2014-12-03
133,DeliveryOrder,2014-12-23
134,DeliveryOrder,2014-12-12
135,DeliveryOrder,2014-12-10
136,DeliveryOrder,2014-12-09
137,DeliveryOrder,2014-12-10
138,DeliveryOrder,2014-12-05
139,DeliveryOrder,2014-12-05
140,DeliveryOrder,2014-12-08
141,DeliveryOrder,2014-12-09
142,DeliveryOrder,2014-12-23
143,DeliveryOrder,2014-12-24
144,DeliveryOrder,2014-12-23
145,DeliveryOrder,2014-12-24
146,DeliveryOrder,2014-12-29
148,DeliveryOrder,2014-12-05
149,DeliveryOrder,2014-12-19
150,DeliveryOrder,2014-12-16
151,DeliveryOrder,2014-12-12
152,DeliveryOrder,2014-12-12
153,DeliveryOrder,2014-12-30
154,DeliveryOrder,2014-12-23
155,DeliveryOrder,2014-12-23
156,DeliveryOrder,2014-12-17
158,DeliveryOrder,2014-12-16
159,DeliveryOrder,2014-12-18
160,DeliveryOrder,2014-12-19
163,DeliveryOrder,2014-12-19
164,DeliveryOrder,2014-12-19
167,DeliveryOrder,2014-12-11
168,DeliveryOrder,2014-12-16
169,DeliveryOrder,2014-12-16
171,DeliveryOrder,2014-12-16
173,DeliveryOrder,2014-12-19
177,DeliveryOrder,2014-12-22
178,DeliveryOrder,2014-12-30
180,DeliveryOrder,2014-12-12
183,DeliveryOrder,2014-12-16
184,DeliveryOrder,2014-12-12
185,DeliveryOrder,2014-12-24
186,DeliveryOrder,2014-12-16
188,DeliveryOrder,2014-12-05
189,DeliveryOrder,2014-12-02
191,DeliveryOrder,2014-12-02
193,DeliveryOrder,2014-12-02
194,DeliveryOrder,2014-12-05
195,DeliveryOrder,2014-12-24
197,DeliveryOrder,2014-12-29
198,DeliveryOrder,2014-12-05
200,DeliveryOrder,2014-12-15
201,DeliveryOrder,2014-12-30
202,DeliveryOrder,2014-12-05
203,DeliveryOrder,2014-12-04
204,DeliveryOrder,2014-12-12
205,DeliveryOrder,2014-12-12
206,DeliveryOrder,2014-12-12
207,DeliveryOrder,2014-12-02
208,DeliveryOrder,2014-12-09
209,DeliveryOrder,2014-12-12
