1,PurchaseOrder,2014-12-17
2,PurchaseOrder,2014-12-12
3,PurchaseOrder,2014-12-12
4,PurchaseOrder,2014-12-16
5,PurchaseOrder,2014-12-12
6,PurchaseOrder,2014-12-16
7,PurchaseOrder,2014-12-12
8,PurchaseOrder,2014-12-11
9,PurchaseOrder,2014-12-22
10,PurchaseOrder,2014-12-11
11,PurchaseOrder,2014-12-03
12,PurchaseOrder,2014-12-02
13,PurchaseOrder,2014-12-03
14,PurchaseOrder,2014-12-01
15,PurchaseOrder,2014-12-22
16,PurchaseOrder,2014-12-22
17,PurchaseOrder,2014-12-19
18,PurchaseOrder,2014-12-19
19,PurchaseOrder,2014-12-23
20,PurchaseOrder,2014-12-18
21,PurchaseOrder,2014-12-02
22,PurchaseOrder,2014-12-12
23,PurchaseOrder,2014-12-10
24,PurchaseOrder,2014-12-11
25,PurchaseOrder,2014-12-11
26,PurchaseOrder,2014-12-19
27,PurchaseOrder,2014-12-31
29,PurchaseOrder,2014-09-15
30,PurchaseOrder,2015-01-02
31,PurchaseOrder,2015-01-02
32,PurchaseOrder,2015-01-06
33,PurchaseOrder,2015-01-06
34,PurchaseOrder,2015-01-06
35,PurchaseOrder,2015-01-08
36,PurchaseOrder,2015-01-08
37,PurchaseOrder,2015-01-09
38,PurchaseOrder,2015-01-09
39,PurchaseOrder,2015-01-09
40,PurchaseOrder,2015-01-09
41,PurchaseOrder,2014-11-04
42,PurchaseOrder,2014-11-03
43,PurchaseOrder,2014-11-11
44,PurchaseOrder,2014-09-03
45,PurchaseOrder,2014-10-01
46,PurchaseOrder,2014-07-14
47,PurchaseOrder,2014-11-12
48,PurchaseOrder,2014-11-12
49,PurchaseOrder,2014-11-11
50,PurchaseOrder,2014-11-11
51,PurchaseOrder,2014-11-11
52,PurchaseOrder,2015-03-13
53,PurchaseOrder,2014-12-10
54,PurchaseOrder,2014-12-11
55,PurchaseOrder,2014-08-28
56,PurchaseOrder,2015-01-20
57,PurchaseOrder,2015-01-26
58,PurchaseOrder,2015-01-26
59,PurchaseOrder,2015-01-26
60,PurchaseOrder,2015-01-27
61,PurchaseOrder,2015-01-29
62,PurchaseOrder,2015-02-02
63,PurchaseOrder,2015-02-02
64,PurchaseOrder,2015-02-02
65,PurchaseOrder,2015-02-02
66,PurchaseOrder,2015-02-03
67,PurchaseOrder,2015-02-03
68,PurchaseOrder,2015-02-04
69,PurchaseOrder,2015-02-06
70,PurchaseOrder,2015-02-09
71,PurchaseOrder,2015-02-09
72,PurchaseOrder,2015-02-09
73,PurchaseOrder,2015-02-10
74,PurchaseOrder,2015-01-05
75,PurchaseOrder,2015-02-05
76,PurchaseOrder,2015-01-08
77,PurchaseOrder,2015-01-08
78,PurchaseOrder,2015-01-09
79,PurchaseOrder,2015-01-12
80,PurchaseOrder,2014-12-01
81,PurchaseOrder,2014-12-23
82,PurchaseOrder,2014-11-13
84,PurchaseOrder,2015-02-11
85,PurchaseOrder,2015-02-12
86,PurchaseOrder,2015-02-12
87,PurchaseOrder,2015-02-12
88,PurchaseOrder,2015-02-02
89,PurchaseOrder,2015-02-17
90,PurchaseOrder,2015-02-17
91,PurchaseOrder,2015-02-20
92,PurchaseOrder,2015-01-13
93,PurchaseOrder,2015-01-15
94,PurchaseOrder,2015-01-22
95,PurchaseOrder,2015-01-26
96,PurchaseOrder,2015-01-28
97,PurchaseOrder,2015-01-26
98,PurchaseOrder,2015-01-28
99,PurchaseOrder,2015-01-30
100,PurchaseOrder,2015-01-30
101,PurchaseOrder,2015-02-02
103,PurchaseOrder,2015-02-09
104,PurchaseOrder,2015-02-11
106,PurchaseOrder,2015-02-11
107,PurchaseOrder,2015-02-12
108,PurchaseOrder,2015-02-13
109,PurchaseOrder,2015-02-13
110,PurchaseOrder,2014-12-11
111,PurchaseOrder,2014-12-31
112,PurchaseOrder,2014-11-10
113,PurchaseOrder,2014-11-28
114,PurchaseOrder,2015-02-25
115,PurchaseOrder,2015-02-25
116,PurchaseOrder,2015-02-25
117,PurchaseOrder,2015-02-25
118,PurchaseOrder,2015-03-02
119,PurchaseOrder,2015-03-02
120,PurchaseOrder,2015-03-02
121,PurchaseOrder,2015-03-02
122,PurchaseOrder,2015-03-03
124,PurchaseOrder,2015-02-26
125,PurchaseOrder,2015-02-27
126,PurchaseOrder,2015-03-03
127,PurchaseOrder,2015-03-03
128,PurchaseOrder,2015-03-03
129,PurchaseOrder,2015-03-04
130,PurchaseOrder,2015-01-13
131,PurchaseOrder,2015-01-29
132,PurchaseOrder,2015-03-10
134,PurchaseOrder,2015-03-03
135,PurchaseOrder,2015-03-13
136,PurchaseOrder,2015-03-17
137,PurchaseOrder,2015-03-20
138,PurchaseOrder,2015-03-20
139,PurchaseOrder,2015-03-24
140,PurchaseOrder,2015-03-24
141,PurchaseOrder,2015-03-24
142,PurchaseOrder,2015-03-24
143,PurchaseOrder,2015-03-24
144,PurchaseOrder,2015-03-27
145,PurchaseOrder,2015-03-27
146,PurchaseOrder,2015-03-27
147,PurchaseOrder,2015-03-27
148,PurchaseOrder,2015-04-15
149,PurchaseOrder,2015-03-31
150,PurchaseOrder,2015-04-01
152,PurchaseOrder,2015-01-15
153,PurchaseOrder,2015-01-29
154,PurchaseOrder,2014-07-14
155,PurchaseOrder,2014-09-23
156,PurchaseOrder,2015-04-02
158,PurchaseOrder,2015-04-08
159,PurchaseOrder,2015-04-10
160,PurchaseOrder,2015-04-10
161,PurchaseOrder,2015-04-10
162,PurchaseOrder,2015-04-13
163,PurchaseOrder,2015-04-13
164,PurchaseOrder,2015-04-14
165,PurchaseOrder,2015-04-14
166,PurchaseOrder,2015-04-16
167,PurchaseOrder,2015-04-20
168,PurchaseOrder,2015-04-21
169,PurchaseOrder,2015-04-21
170,PurchaseOrder,2015-04-21
171,PurchaseOrder,2015-04-29
172,PurchaseOrder,2015-04-29
173,PurchaseOrder,2015-04-30
174,PurchaseOrder,2015-02-13
175,PurchaseOrder,2015-02-05
176,PurchaseOrder,2015-02-13
177,PurchaseOrder,2015-05-04
178,PurchaseOrder,2015-05-04
179,PurchaseOrder,2015-05-05
180,PurchaseOrder,2015-02-05
181,PurchaseOrder,2015-05-06
182,PurchaseOrder,2015-05-06
183,PurchaseOrder,2015-05-06
184,PurchaseOrder,2015-05-11
185,PurchaseOrder,2015-03-12
186,PurchaseOrder,2015-03-13
187,PurchaseOrder,2015-03-18
188,PurchaseOrder,2015-03-24
189,PurchaseOrder,2015-03-26
190,PurchaseOrder,2015-03-30
191,PurchaseOrder,2015-03-30
192,PurchaseOrder,2015-03-31
193,PurchaseOrder,2015-01-15
194,PurchaseOrder,2015-03-12
195,PurchaseOrder,2015-02-09
196,PurchaseOrder,2015-04-01
197,PurchaseOrder,2015-04-09
198,PurchaseOrder,2015-04-09
199,PurchaseOrder,2015-04-14
