1,PurchaseReceival,2014-12-22
2,PurchaseReceival,2014-12-19
3,PurchaseReceival,2014-12-30
4,PurchaseReceival,2014-12-02
5,PurchaseReceival,2014-12-09
6,PurchaseReceival,2014-12-09
7,PurchaseReceival,2014-12-04
8,PurchaseReceival,2014-12-12
9,PurchaseReceival,2014-12-12
10,PurchaseReceival,2014-12-12
11,PurchaseReceival,2015-01-02
12,PurchaseReceival,2015-01-08
13,PurchaseReceival,2015-01-08
14,PurchaseReceival,2015-01-15
16,PurchaseReceival,2015-01-20
17,PurchaseReceival,2015-01-20
18,PurchaseReceival,2014-12-05
19,PurchaseReceival,2014-12-05
20,PurchaseReceival,2014-12-10
21,PurchaseReceival,2015-01-29
22,PurchaseReceival,2015-01-30
23,PurchaseReceival,2015-02-06
24,PurchaseReceival,2014-12-03
25,PurchaseReceival,2014-12-04
26,PurchaseReceival,2014-12-04
27,PurchaseReceival,2014-12-15
28,PurchaseReceival,2014-12-15
29,PurchaseReceival,2014-12-16
30,PurchaseReceival,2014-12-18
31,PurchaseReceival,2014-12-19
32,PurchaseReceival,2014-12-19
33,PurchaseReceival,2014-12-24
34,PurchaseReceival,2014-12-24
35,PurchaseReceival,2014-12-29
36,PurchaseReceival,2014-12-30
37,PurchaseReceival,2015-01-06
38,PurchaseReceival,2015-01-07
39,PurchaseReceival,2015-01-07
40,PurchaseReceival,2015-01-09
41,PurchaseReceival,2015-01-13
42,PurchaseReceival,2015-01-15
43,PurchaseReceival,2015-01-08
44,PurchaseReceival,2015-01-21
45,PurchaseReceival,2015-02-02
46,PurchaseReceival,2015-02-02
47,PurchaseReceival,2015-02-03
48,PurchaseReceival,2015-02-04
49,PurchaseReceival,2015-02-04
50,PurchaseReceival,2015-02-05
51,PurchaseReceival,2015-02-06
52,PurchaseReceival,2015-02-07
53,PurchaseReceival,2014-12-10
54,PurchaseReceival,2015-03-03
55,PurchaseReceival,2015-01-07
56,PurchaseReceival,2015-01-09
57,PurchaseReceival,2015-01-28
58,PurchaseReceival,2015-02-06
59,PurchaseReceival,2014-12-03
60,PurchaseReceival,2014-12-19
61,PurchaseReceival,2015-01-07
62,PurchaseReceival,2015-02-16
63,PurchaseReceival,2015-02-16
64,PurchaseReceival,2015-01-14
65,PurchaseReceival,2015-01-14
67,PurchaseReceival,2015-03-02
68,PurchaseReceival,2015-03-09
69,PurchaseReceival,2015-03-24
70,PurchaseReceival,2015-03-26
71,PurchaseReceival,2015-03-30
72,PurchaseReceival,2015-04-07
73,PurchaseReceival,2015-03-10
74,PurchaseReceival,2015-04-07
75,PurchaseReceival,2015-04-14
76,PurchaseReceival,2015-05-05
