10,SalesInvoice,2014-12-31
11,SalesInvoice,2014-12-31
12,SalesInvoice,2014-12-04
13,SalesInvoice,2014-12-30
14,SalesInvoice,2014-12-30
15,SalesInvoice,2014-12-30
16,SalesInvoice,2014-12-30
17,SalesInvoice,2014-12-05
18,SalesInvoice,2014-12-05
19,SalesInvoice,2014-12-05
20,SalesInvoice,2014-12-04
21,SalesInvoice,2014-12-04
22,SalesInvoice,2014-12-02
23,SalesInvoice,2015-01-02
24,SalesInvoice,2014-12-02
25,SalesInvoice,2014-12-02
26,SalesInvoice,2014-12-02
27,SalesInvoice,2014-12-01
28,SalesInvoice,2014-12-30
29,SalesInvoice,2014-12-03
30,SalesInvoice,2014-12-16
31,SalesInvoice,2014-12-16
32,SalesInvoice,2014-12-15
33,SalesInvoice,2014-12-15
34,SalesInvoice,2014-12-12
35,SalesInvoice,2014-12-12
36,SalesInvoice,2014-12-17
37,SalesInvoice,2014-12-19
38,SalesInvoice,2014-12-19
39,SalesInvoice,2014-12-16
40,SalesInvoice,2014-12-16
41,SalesInvoice,2014-12-08
42,SalesInvoice,2014-12-08
43,SalesInvoice,2014-12-17
44,SalesInvoice,2014-12-18
45,SalesInvoice,2014-12-19
46,SalesInvoice,2014-12-19
47,SalesInvoice,2014-12-19
48,SalesInvoice,2014-12-19
49,SalesInvoice,2014-12-23
50,SalesInvoice,2014-12-19
51,SalesInvoice,2014-12-23
52,SalesInvoice,2014-12-22
53,SalesInvoice,2014-12-30
54,SalesInvoice,2014-12-24
55,SalesInvoice,2014-12-29
56,SalesInvoice,2014-12-24
57,SalesInvoice,2014-12-23
58,SalesInvoice,2014-12-23
59,SalesInvoice,2014-12-30
60,SalesInvoice,2014-12-24
61,SalesInvoice,2014-12-24
62,SalesInvoice,2014-12-24
63,SalesInvoice,2014-12-24
64,SalesInvoice,2014-12-29
65,SalesInvoice,2014-12-10
66,SalesInvoice,2014-12-16
67,SalesInvoice,2014-12-16
68,SalesInvoice,2014-12-23
69,SalesInvoice,2014-12-23
70,SalesInvoice,2014-12-24
71,SalesInvoice,2014-12-16
72,SalesInvoice,2014-12-24
73,SalesInvoice,2014-12-23
74,SalesInvoice,2014-12-30
75,SalesInvoice,2014-12-30
76,SalesInvoice,2014-12-02
77,SalesInvoice,2014-12-02
78,SalesInvoice,2014-12-02
79,SalesInvoice,2014-12-02
80,SalesInvoice,2014-12-05
81,SalesInvoice,2014-12-05
82,SalesInvoice,2014-12-09
83,SalesInvoice,2014-12-12
84,SalesInvoice,2014-12-09
85,SalesInvoice,2014-12-16
86,SalesInvoice,2014-12-11
87,SalesInvoice,2014-12-15
88,SalesInvoice,2014-12-03
89,SalesInvoice,2014-12-03
90,SalesInvoice,2014-12-12
91,SalesInvoice,2014-12-12
92,SalesInvoice,2014-12-10
93,SalesInvoice,2014-12-09
94,SalesInvoice,2014-12-10
95,SalesInvoice,2014-12-05
96,SalesInvoice,2014-12-05
97,SalesInvoice,2014-12-08
98,SalesInvoice,2014-12-09
99,SalesInvoice,2014-12-23
100,SalesInvoice,2014-12-24
101,SalesInvoice,2014-12-23
102,SalesInvoice,2014-12-24
103,SalesInvoice,2014-12-29
104,SalesInvoice,2014-12-05
105,SalesInvoice,2014-12-19
106,SalesInvoice,2014-12-16
107,SalesInvoice,2014-12-12
108,SalesInvoice,2014-12-12
109,SalesInvoice,2014-12-30
110,SalesInvoice,2014-12-23
111,SalesInvoice,2014-12-23
112,SalesInvoice,2014-12-04
113,SalesInvoice,2014-12-04
114,SalesInvoice,2014-12-04
115,SalesInvoice,2014-12-15
116,SalesInvoice,2014-12-04
117,SalesInvoice,2014-12-02
118,SalesInvoice,2014-12-02
119,SalesInvoice,2014-12-02
120,SalesInvoice,2014-12-02
121,SalesInvoice,2014-12-09
122,SalesInvoice,2014-12-10
123,SalesInvoice,2014-12-12
124,SalesInvoice,2014-12-12
125,SalesInvoice,2014-12-10
126,SalesInvoice,2014-12-01
127,SalesInvoice,2014-12-03
128,SalesInvoice,2014-12-17
129,SalesInvoice,2014-12-11
130,SalesInvoice,2014-12-04
131,SalesInvoice,2014-12-05
132,SalesInvoice,2014-12-22
133,SalesInvoice,2014-12-08
134,SalesInvoice,2014-12-04
135,SalesInvoice,2014-12-01
136,SalesInvoice,2014-12-17
137,SalesInvoice,2014-12-18
138,SalesInvoice,2014-12-18
139,SalesInvoice,2014-12-19
140,SalesInvoice,2014-12-19
141,SalesInvoice,2014-12-19
142,SalesInvoice,2014-12-11
143,SalesInvoice,2014-12-16
144,SalesInvoice,2014-12-16
145,SalesInvoice,2014-12-16
146,SalesInvoice,2014-12-19
147,SalesInvoice,2014-12-22
148,SalesInvoice,2014-12-30
149,SalesInvoice,2014-12-12
150,SalesInvoice,2014-12-16
151,SalesInvoice,2014-12-12
152,SalesInvoice,2014-12-24
153,SalesInvoice,2014-12-16
154,SalesInvoice,2014-12-05
155,SalesInvoice,2014-12-02
156,SalesInvoice,2014-12-02
157,SalesInvoice,2014-12-02
158,SalesInvoice,2014-12-05
159,SalesInvoice,2014-12-24
160,SalesInvoice,2014-12-29
161,SalesInvoice,2014-12-05
162,SalesInvoice,2014-12-10
163,SalesInvoice,2014-12-09
164,SalesInvoice,2014-12-01
165,SalesInvoice,2014-12-03
166,SalesInvoice,2014-12-04
167,SalesInvoice,2014-12-04
168,SalesInvoice,2014-12-08
169,SalesInvoice,2014-12-15
170,SalesInvoice,2014-12-30
171,SalesInvoice,2014-12-05
172,SalesInvoice,2014-12-04
173,SalesInvoice,2014-12-12
174,SalesInvoice,2014-12-12
175,SalesInvoice,2014-12-12
176,SalesInvoice,2014-12-02
177,SalesInvoice,2014-12-09
178,SalesInvoice,2014-12-12
